"","Lower95","Median","Upper95","Mean","SD","Mode","MCerr","MC%ofSD","SSeff","AC.100","psrf"
"lambda",2.02300721670526,2.15425168236181,2.29426851695444,2.15444224228598,0.0693061538438168,NA,0.000565882376507274,0.8,15000,0.00106959917573694,0.999999406356501
