"","Lower95","Median","Upper95","Mean","SD","Mode","MCerr","MC%ofSD","SSeff","AC.100","psrf"
"p_branch",0.275253050819028,0.334461398906694,0.404477412364991,0.337676166062471,0.0334670613055074,NA,0.000754103577983426,2.3,1970,0.286644904822557,1.00059640372159
"p_loss",7.73087793518752e-07,0.126524340724674,0.322598137036561,0.141508490739865,0.0956026027812707,NA,0.00249723146405341,2.6,1466,0.380718878252265,1.00064301463458
