"","Lower95","Median","Upper95","Mean","SD","Mode","MCerr","MC%ofSD","SSeff","AC.100","psrf"
"beta0",-0.189133078810649,-0.123954856467261,-0.0573449502682663,-0.123961421550318,0.0333256831896483,NA,0.000330882139601659,1,10144,-0.00430419063336705,1.0004579294184
"beta1",0.0334281055864375,0.0365520743496557,0.0395759659321465,0.0365476928382235,0.00155991378754887,NA,1.55375122976006e-05,1,10079,-0.000134453289951629,1.00078864203515
"sigma",0.0759874927968729,0.0965250497259624,0.123205958362954,0.0977638305806524,0.0124565952135816,NA,0.000101707674018901,0.8,15000,0.00647836558594933,0.999946048408913
